"","aa_subs","collection_date","accession_id","location","counts","region","mutation_name","fraction","per_abundance","ref","pos","alt","continent","country","state","city"
"Spike_ins214EPE","Spike_ins214EPE",2020-05-30,"EPI_ISL_13597467","North America/USA/Minnesota/Stearns County",1522543,"Spike","ins214EPE",0.131150606691171,13.1150606691171,"ins",214,"EPE","North America","USA","Minnesota","Stearns County"
"Spike_ins214XXX","Spike_ins214XXX",2021-01-27,"EPI_ISL_12565446","North America/USA/Arizona/Coconino County",62968,"Spike","ins214XXX",0.00542401193406666,0.542401193406666,"ins",214,"XXX","North America","USA","Arizona","Coconino County"
"NS3_ins104P","NS3_ins104P",2020-01-25,"EPI_ISL_17116757","North America/USA/West Virginia",26716,"NS3","ins104P",0.00230129435317185,0.230129435317185,"ins",104,"P","North America","USA","West Virginia",NA
"NSP6_ins79M","NSP6_ins79M",2020-02-05,"EPI_ISL_1069218","Asia/China/Anhui/Lu'an",11175,"NSP6","ins79M",0.00096260534498785,0.096260534498785,"ins",79,"M","Asia","China","Anhui","Lu'an"
"Spike_ins143T","Spike_ins143T",2020-05-07,"EPI_ISL_13597012","North America/USA/Minnesota/Stearns County",10172,"Spike","ins143T",0.000876207746686032,0.0876207746686032,"ins",143,"T","North America","USA","Minnesota","Stearns County"
"NS7a_ins55YVPDQLH","NS7a_ins55YVPDQLH",2021-03-20,"EPI_ISL_6137194","Europe/United Kingdom/England",8156,"NS7a","ins55YVPDQLH",0.000702551158274801,0.0702551158274801,"ins",55,"YVPDQLH","Europe","United Kingdom","England",NA
"Spike_ins214GAR","Spike_ins214GAR",2021-11-30,"EPI_ISL_8414362","Europe/Czech Republic/Liberec Region",4175,"Spike","ins214GAR",0.000359631079671076,0.0359631079671076,"ins",214,"GAR","Europe","Czech Republic","Liberec Region",NA
"NSP5_ins159VT","NSP5_ins159VT",2020-07-07,"EPI_ISL_3543366","North America/USA/Idaho/Elmore",3958,"NSP5","ins159VT",0.000340938877446256,0.0340938877446256,"ins",159,"VT","North America","USA","Idaho","Elmore"
"NSP16_ins149S","NSP16_ins149S",2020-07-02,"EPI_ISL_3543363","North America/USA/Idaho",3773,"NSP16","ins149S",0.000325003129005741,0.0325003129005741,"ins",149,"S","North America","USA","Idaho",NA
"Spike_ins213GRG","Spike_ins213GRG",2022-01-07,"EPI_ISL_8653546","Europe/Denmark/Nordjylland",3664,"Spike","ins213GRG",0.000315613958302951,0.0315613958302951,"ins",213,"GRG","Europe","Denmark","Nordjylland",NA
"Spike_ins212RE","Spike_ins212RE",2021-11-24,"EPI_ISL_8616593","Africa/South Africa/Gauteng",3370,"Spike","ins212RE",0.000290289039159647,0.0290289039159647,"ins",212,"RE","Africa","South Africa","Gauteng",NA
"Spike_ins216XS","Spike_ins216XS",2021-11-25,"EPI_ISL_7614040","North America/USA/New York/New York City",3299,"Spike","ins216XS",0.00028417315732572,0.028417315732572,"ins",216,"XS","North America","USA","New York","New York City"
"NS3_ins104PP","NS3_ins104PP",2020-11-11,"EPI_ISL_1400520","Europe/Russia/Murmansk/Kovdor",2942,"NS3","ins104PP",0.000253421469794564,0.0253421469794564,"ins",104,"PP","Europe","Russia","Murmansk","Kovdor"
"NS7a_ins60stopRRK","NS7a_ins60stopRRK",2021-01-20,"EPI_ISL_1079572","North America/USA/Texas/Houston",2329,"NS7a","ins60stopRRK",0.000200618151988967,0.0200618151988967,"ins",60,"stopRRK","North America","USA","Texas","Houston"
"Spike_ins152K","Spike_ins152K",2020-03-01,"EPI_ISL_464255","Europe/United Kingdom/England",2210,"Spike","ins152K",0.000190367589478581,0.0190367589478581,"ins",152,"K","Europe","United Kingdom","England",NA
"Spike_ins212Astop","Spike_ins212Astop",2021-12-03,"EPI_ISL_7603681","North America/USA/Texas/Houston County",2042,"Spike","ins212Astop",0.000175896207110979,0.0175896207110979,"ins",212,"Astop","North America","USA","Texas","Houston County"
"Spike_ins150V","Spike_ins150V",2020-03-01,"EPI_ISL_464255","Europe/United Kingdom/England",2025,"Spike","ins150V",0.000174431841038067,0.0174431841038067,"ins",150,"V","Europe","United Kingdom","England",NA
"Spike_ins215AGY","Spike_ins215AGY",2020-04-12,"EPI_ISL_1502836","North America/Panama/Colon",1979,"Spike","ins215AGY",0.000170469438723128,0.0170469438723128,"ins",215,"AGY","North America","Panama","Colon",NA
"NS3_ins258EL","NS3_ins258EL",2020-03-28,"EPI_ISL_3568360","Oceania/Australia/New South Wales/Sydney",1791,"NS3","ins258EL",0.000154275272740335,0.0154275272740335,"ins",258,"EL","Oceania","Australia","New South Wales","Sydney"
"NSP3_ins556CFLN","NSP3_ins556CFLN",2020-03-08,"EPI_ISL_476810","Asia/Singapore",1583,"NSP3","ins556CFLN",0.00013635832314235,0.013635832314235,"ins",556,"CFLN","Asia","Singapore",NA,NA
"NS3_ins44AAG","NS3_ins44AAG",2021-07-06,"EPI_ISL_2935241","Europe/United Kingdom/England",1522,"NS3","ins44AAG",0.000131103833116019,0.0131103833116019,"ins",44,"AAG","Europe","United Kingdom","England",NA
"Spike_ins80XXXXXXXXXXXXXX","Spike_ins80XXXXXXXXXXXXXX",2021-01-01,"EPI_ISL_10454867","Europe/United Kingdom/England",1443,"Spike","ins80XXXXXXXXXXXXXX",0.000124298837836015,0.0124298837836015,"ins",80,"XXXXXXXXXXXXXX","Europe","United Kingdom","England",NA
"NSP12_ins823D","NSP12_ins823D",2021-07-25,"EPI_ISL_3456513","North America/USA/Florida",1347,"NSP12","ins823D",0.000116029476483099,0.0116029476483099,"ins",823,"D","North America","USA","Florida",NA
"Spike_ins215PEX","Spike_ins215PEX",2021-01-03,"EPI_ISL_9274902","South America/Brazil/Minas Gerais/Belo Horizonte",1277,"Spike","ins215PEX",0.000109999733829931,0.0109999733829931,"ins",215,"PEX","South America","Brazil","Minas Gerais","Belo Horizonte"
"Spike_ins214EPDEPE","Spike_ins214EPDEPE",2021-11-21,"EPI_ISL_7462220","Europe/Switzerland/Basel-Landschaft",1185,"Spike","ins214EPDEPE",0.000102074929200054,0.0102074929200054,"ins",214,"EPDEPE","Europe","Switzerland","Basel-Landschaft",NA
"Spike_ins214TDR","Spike_ins214TDR",2020-06-02,"EPI_ISL_12257141","Africa/Democratic Republic of the Congo/Bukavu",986,"Spike","ins214TDR",8.49332322289056e-05,0.00849332322289056,"ins",214,"TDR","Africa","Democratic Republic of the Congo","Bukavu",NA
"NS3_ins105QKP","NS3_ins105QKP",2020-04-01,"EPI_ISL_490218","North America/USA/California",985,"NS3","ins105QKP",8.4847093048146e-05,0.0084847093048146,"ins",105,"QKP","North America","USA","California",NA
"Spike_ins108AV","Spike_ins108AV",2021-04-05,"EPI_ISL_3844373","Asia/India/Gujarat/Surat",928,"Spike","ins108AV",7.99371597448523e-05,0.00799371597448523,"ins",108,"AV","Asia","India","Gujarat","Surat"
"Spike_ins248GEN","Spike_ins248GEN",2021-09-27,"EPI_ISL_5049248","Europe/United Kingdom/Wales",925,"Spike","ins248GEN",7.96787422025737e-05,0.00796787422025737,"ins",248,"GEN","Europe","United Kingdom","Wales",NA
"NS3_ins98EYKLCKNNNEAL","NS3_ins98EYKLCKNNNEAL",2020-04-01,"EPI_ISL_490218","North America/USA/California",874,"NS3","ins98EYKLCKNNNEAL",7.52856439838372e-05,0.00752856439838372,"ins",98,"EYKLCKNNNEAL","North America","USA","California",NA
"NSP3_ins122E","NSP3_ins122E",2020-05-05,"EPI_ISL_494474","North America/USA/California/San Diego County",827,"NSP3","ins122E",7.12371024881388e-05,0.00712371024881388,"ins",122,"E","North America","USA","California","San Diego County"
"NS3_ins86PFARCCWPstopSP","NS3_ins86PFARCCWPstopSP",2020-04-01,"EPI_ISL_490218","North America/USA/California",771,"NS3","ins86PFARCCWPstopSP",6.64133083656047e-05,0.00664133083656047,"ins",86,"PFARCCWPstopSP","North America","USA","California",NA
"Spike_ins213VGGG","Spike_ins213VGGG",2022-02-05,"EPI_ISL_9819173","Europe/United Kingdom/England",727,"Spike","ins213VGGG",6.26231844121849e-05,0.00626231844121849,"ins",213,"VGGG","Europe","United Kingdom","England",NA
"N_ins211SESF","N_ins211SESF",2022-05-12,"EPI_ISL_16232972","Europe/Spain/Andalusia/Almeria",719,"N","ins211SESF",6.19340709661086e-05,0.00619340709661086,"ins",211,"SESF","Europe","Spain","Andalusia","Almeria"
"NSP1_ins86XXV","NSP1_ins86XXV",2020-05-11,"EPI_ISL_2737858","Europe/United Kingdom/England",711,"NSP1","ins86XXV",6.12449575200323e-05,0.00612449575200323,"ins",86,"XXV","Europe","United Kingdom","England",NA
"NS7a_ins52VPD","NS7a_ins52VPD",2021-06-21,"EPI_ISL_6484374","North America/USA/Florida",702,"NS7a","ins52VPD",6.04697048931965e-05,0.00604697048931965,"ins",52,"VPD","North America","USA","Florida",NA
"NSP3_ins534FT","NSP3_ins534FT",2020-06-25,"EPI_ISL_16049806","North America/USA/Idaho",644,"NSP3","ins534FT",5.54736324091432e-05,0.00554736324091432,"ins",534,"FT","North America","USA","Idaho",NA
"NS7a_ins75LHT","NS7a_ins75LHT",2020-05-18,"EPI_ISL_708830","Asia/United Arab Emirates/Abu Dhabi",554,"NS7a","ins75LHT",4.77211061407847e-05,0.00477211061407847,"ins",75,"LHT","Asia","United Arab Emirates","Abu Dhabi",NA
"Spike_ins214PE","Spike_ins214PE",2021-11-24,"EPI_ISL_8616603","Africa/South Africa/Gauteng",546,"Spike","ins214PE",4.70319926947084e-05,0.00470319926947084,"ins",214,"PE","Africa","South Africa","Gauteng",NA
"Spike_ins248RWMD","Spike_ins248RWMD",2022-11-02,"EPI_ISL_15767138","North America/USA/California",537,"Spike","ins248RWMD",4.62567400678725e-05,0.00462567400678725,"ins",248,"RWMD","North America","USA","California",NA
"Spike_ins214ELE","Spike_ins214ELE",2021-12-07,"EPI_ISL_8089983","Europe/United Kingdom/England",516,"Spike","ins214ELE",4.44478172719222e-05,0.00444478172719222,"ins",214,"ELE","Europe","United Kingdom","England",NA
"NS7a_ins55PDQLH","NS7a_ins55PDQLH",2021-06-09,"EPI_ISL_2663043","Europe/Russia/Moscow/Moscow",495,"NS7a","ins55PDQLH",4.26388944759719e-05,0.00426388944759719,"ins",55,"PDQLH","Europe","Russia","Moscow","Moscow"
"Spike_ins210IX","Spike_ins210IX",2021-11-16,"EPI_ISL_6914002","Africa/South Africa/Gauteng",454,"Spike","ins210IX",3.91071880648308e-05,0.00391071880648308,"ins",210,"IX","Africa","South Africa","Gauteng",NA
"NSP6_ins37F","NSP6_ins37F",2020-02-25,"EPI_ISL_447252","Asia/Taiwan/New Taipei City",433,"NSP6","ins37F",3.72982652688804e-05,0.00372982652688804,"ins",37,"F","Asia","Taiwan","New Taipei City",NA
"NSP3_ins546FL","NSP3_ins546FL",2020-06-29,"EPI_ISL_2695905","North America/USA/Arizona/Yuma",419,"NSP3","ins546FL",3.60923167382469e-05,0.00360923167382469,"ins",546,"FL","North America","USA","Arizona","Yuma"
"NSP3_ins115E","NSP3_ins115E",2020-08-26,"EPI_ISL_1494053","North America/USA/Illinois/Brown County",411,"NSP3","ins115E",3.54032032921706e-05,0.00354032032921706,"ins",115,"E","North America","USA","Illinois","Brown County"
"NS7a_ins56stopHS","NS7a_ins56stopHS",2021-03-05,"EPI_ISL_1255673","Europe/United Kingdom/England",394,"NS7a","ins56stopHS",3.39388372192584e-05,0.00339388372192584,"ins",56,"stopHS","Europe","United Kingdom","England",NA
"NS7a_ins62GSSRTLLSN","NS7a_ins62GSSRTLLSN",2020-07-02,"EPI_ISL_1203762","North America/USA/Texas/Houston",389,"NS7a","ins62GSSRTLLSN",3.35081413154607e-05,0.00335081413154607,"ins",62,"GSSRTLLSN","North America","USA","Texas","Houston"
"NS3_ins104PL","NS3_ins104PL",2021-07-25,"EPI_ISL_8526963","Africa/Senegal/Kaolack",373,"NS3","ins104PL",3.21299144233081e-05,0.00321299144233081,"ins",104,"PL","Africa","Senegal","Kaolack",NA
"NSP2_ins529stop","NSP2_ins529stop",2020-03-26,"EPI_ISL_455795","Africa/Gambia/West Coast Region",352,"NSP2","ins529stop",3.03209916273578e-05,0.00303209916273578,"ins",529,"stop","Africa","Gambia","West Coast Region",NA
"NS3_ins229F","NS3_ins229F",2020-04-13,"EPI_ISL_437065","North America/USA/California/Santa Clara County",350,"NS3","ins229F",3.01487132658387e-05,0.00301487132658387,"ins",229,"F","North America","USA","California","Santa Clara County"
"NS7a_ins53LRRKTR","NS7a_ins53LRRKTR",2020-08-11,"EPI_ISL_683369","Europe/France/Auvergne-Rhone-Alpes/Lyon",342,"NS7a","ins53LRRKTR",2.94595998197624e-05,0.00294595998197624,"ins",53,"LRRKTR","Europe","France","Auvergne-Rhone-Alpes","Lyon"
"Spike_ins110MSLK","Spike_ins110MSLK",2021-01-26,"EPI_ISL_14679879","Asia/India/Tamil Nadu/Coimbatore",316,"Spike","ins110MSLK",2.72199811200144e-05,0.00272199811200144,"ins",110,"MSLK","Asia","India","Tamil Nadu","Coimbatore"
"NS7a_ins61HVPD","NS7a_ins61HVPD",2020-05-27,"EPI_ISL_478397","Europe/United Kingdom/England",308,"NS7a","ins61HVPD",2.6530867673938e-05,0.0026530867673938,"ins",61,"HVPD","Europe","United Kingdom","England",NA
"Spike_ins215PEY","Spike_ins215PEY",2021-12-12,"EPI_ISL_8043555","Europe/United Kingdom/Scotland",304,"Spike","ins215PEY",2.61863109508999e-05,0.00261863109508999,"ins",215,"PEY","Europe","United Kingdom","Scotland",NA
"NS7a_ins54NT","NS7a_ins54NT",2020-06-28,"EPI_ISL_2758681","South America/Brazil/Parana/Cambe",302,"NS7a","ins54NT",2.60140325893808e-05,0.00260140325893808,"ins",54,"NT","South America","Brazil","Parana","Cambe"
"N_ins238Q","N_ins238Q",2020-10-06,"EPI_ISL_598687","Europe/United Kingdom/England",299,"N","ins238Q",2.57556150471022e-05,0.00257556150471022,"ins",238,"Q","Europe","United Kingdom","England",NA
"Spike_ins214ESE","Spike_ins214ESE",2021-12-20,"EPI_ISL_10391686","Europe/United Kingdom/England",291,"Spike","ins214ESE",2.50665016010259e-05,0.00250665016010259,"ins",214,"ESE","Europe","United Kingdom","England",NA
"NS7a_ins102EstopLNFHstop","NS7a_ins102EstopLNFHstop",2020-05-07,"EPI_ISL_456838","Europe/United Kingdom/Scotland",290,"NS7a","ins102EstopLNFHstop",2.49803624202663e-05,0.00249803624202663,"ins",102,"EstopLNFHstop","Europe","United Kingdom","Scotland",NA
"Spike_ins213XEP","Spike_ins213XEP",2021-12-20,"EPI_ISL_8248646","Europe/Germany/Baden-Wurttemberg",289,"Spike","ins213XEP",2.48942232395068e-05,0.00248942232395068,"ins",213,"XEP","Europe","Germany","Baden-Wurttemberg",NA
"Spike_ins320stop","Spike_ins320stop",2020-03-12,"EPI_ISL_483718","Asia/Israel/Kfar Saba",286,"Spike","ins320stop",2.46358056972282e-05,0.00246358056972282,"ins",320,"stop","Asia","Israel","Kfar Saba",NA
"NS3_ins103P","NS3_ins103P",2020-06-13,"EPI_ISL_1363002","North America/USA/Texas/Galveston",283,"NS3","ins103P",2.43773881549496e-05,0.00243773881549496,"ins",103,"P","North America","USA","Texas","Galveston"
"NS3_ins124I","NS3_ins124I",2020-07-23,"EPI_ISL_765680","North America/USA/Massachusetts",277,"NS3","ins124I",2.38605530703923e-05,0.00238605530703923,"ins",124,"I","North America","USA","Massachusetts",NA
"NSP1_ins86MXV","NSP1_ins86MXV",2020-05-13,"EPI_ISL_7710331","North America/Canada/Quebec",274,"NSP1","ins86MXV",2.36021355281137e-05,0.00236021355281137,"ins",86,"MXV","North America","Canada","Quebec",NA
"NSP4_ins339YstopstopCFFF","NSP4_ins339YstopstopCFFF",2020-03-26,"EPI_ISL_455795","Africa/Gambia/West Coast Region",272,"NSP4","ins339YstopstopCFFF",2.34298571665946e-05,0.00234298571665946,"ins",339,"YstopstopCFFF","Africa","Gambia","West Coast Region",NA
"NS7a_ins106N","NS7a_ins106N",2020-03-17,"EPI_ISL_860713","North America/USA/Ohio",270,"NS7a","ins106N",2.32575788050756e-05,0.00232575788050756,"ins",106,"N","North America","USA","Ohio",NA
"NSP2_ins501stop","NSP2_ins501stop",2020-03-30,"EPI_ISL_6386525","Oceania/Australia/Queensland",270,"NSP2","ins501stop",2.32575788050756e-05,0.00232575788050756,"ins",501,"stop","Oceania","Australia","Queensland",NA
"NS3_ins58HNPQ","NS3_ins58HNPQ",2020-04-02,"EPI_ISL_422619","Europe/Netherlands",269,"NS3","ins58HNPQ",2.3171439624316e-05,0.0023171439624316,"ins",58,"HNPQ","Europe","Netherlands",NA,NA
"Spike_ins5F","Spike_ins5F",2020-04-30,"EPI_ISL_681277","North America/USA/New York/New York",265,"Spike","ins5F",2.28268829012779e-05,0.00228268829012779,"ins",5,"F","North America","USA","New York","New York"
"Spike_ins248AED","Spike_ins248AED",2022-11-15,"EPI_ISL_16003260","Europe/Italy/Lombardy",263,"Spike","ins248AED",2.26546045397588e-05,0.00226546045397588,"ins",248,"AED","Europe","Italy","Lombardy",NA
"NS7a_ins54LLLL","NS7a_ins54LLLL",2020-11-09,"EPI_ISL_1119377","Europe/Switzerland/Freiburg",259,"NS7a","ins54LLLL",2.23100478167206e-05,0.00223100478167206,"ins",54,"LLLL","Europe","Switzerland","Freiburg",NA
"NS3_ins79CLQLAVV","NS3_ins79CLQLAVV",2020-03-31,"EPI_ISL_5656426","Oceania/Australia/Northern Territory",258,"NS3","ins79CLQLAVV",2.22239086359611e-05,0.00222239086359611,"ins",79,"CLQLAVV","Oceania","Australia","Northern Territory",NA
"Spike_ins214EPX","Spike_ins214EPX",2021-12-07,"EPI_ISL_7696366","North America/USA/Arizona/Maricopa County",254,"Spike","ins214EPX",2.18793519129229e-05,0.00218793519129229,"ins",214,"EPX","North America","USA","Arizona","Maricopa County"
"Spike_ins243XXXX","Spike_ins243XXXX",2021-12-10,"EPI_ISL_8267587","North America/USA/Florida",252,"Spike","ins243XXXX",2.17070735514039e-05,0.00217070735514039,"ins",243,"XXXX","North America","USA","Florida",NA
"NSP2_ins336K","NSP2_ins336K",2020-07-28,"EPI_ISL_583216","North America/USA/California/Marin County",251,"NSP2","ins336K",2.16209343706443e-05,0.00216209343706443,"ins",336,"K","North America","USA","California","Marin County"
"Spike_ins214EPD","Spike_ins214EPD",2021-12-20,"EPI_ISL_8140802","Europe/United Kingdom/England",246,"Spike","ins214EPD",2.11902384668466e-05,0.00211902384668466,"ins",214,"EPD","Europe","United Kingdom","England",NA
"NS3_ins57NHN","NS3_ins57NHN",2021-08-19,"EPI_ISL_12934173","North America/USA/Oregon/Linn County",243,"NS3","ins57NHN",2.0931820924568e-05,0.0020931820924568,"ins",57,"NHN","North America","USA","Oregon","Linn County"
"NS7a_ins75VPD","NS7a_ins75VPD",2021-06-05,"EPI_ISL_2515637","Europe/United Kingdom/England",241,"NS7a","ins75VPD",2.07595425630489e-05,0.00207595425630489,"ins",75,"VPD","Europe","United Kingdom","England",NA
"NS3_ins258E","NS3_ins258E",2020-06-10,"EPI_ISL_8525746","Africa/Senegal/Dakar",239,"NS3","ins258E",2.05872642015298e-05,0.00205872642015299,"ins",258,"E","Africa","Senegal","Dakar",NA
"Spike_ins144S","Spike_ins144S",2021-04-06,"EPI_ISL_4417589","South America/Colombia/Atlantico",239,"Spike","ins144S",2.05872642015298e-05,0.00205872642015299,"ins",144,"S","South America","Colombia","Atlantico",NA
"NS3_ins64S","NS3_ins64S",2021-07-27,"EPI_ISL_3514203","North America/USA/New Jersey",238,"NS3","ins64S",2.05011250207703e-05,0.00205011250207703,"ins",64,"S","North America","USA","New Jersey",NA
"Spike_ins1246C","Spike_ins1246C",2021-09-22,"EPI_ISL_6899960","North America/USA/Alabama/Birmingham",237,"Spike","ins1246C",2.04149858400108e-05,0.00204149858400108,"ins",1246,"C","North America","USA","Alabama","Birmingham"
"Spike_ins108AVM","Spike_ins108AVM",2021-05-30,"EPI_ISL_14677024","Asia/India/Tamil Nadu",232,"Spike","ins108AVM",1.99842899362131e-05,0.00199842899362131,"ins",108,"AVM","Asia","India","Tamil Nadu",NA
"NS3_ins104L","NS3_ins104L",2021-01-05,"EPI_ISL_6267108","North America/USA/California/Ventura County",229,"NS3","ins104L",1.97258723939345e-05,0.00197258723939345,"ins",104,"L","North America","USA","California","Ventura County"
"Spike_ins328stop","Spike_ins328stop",2021-08-06,"EPI_ISL_3756838","North America/USA/Idaho/Ada",224,"Spike","ins328stop",1.92951764901368e-05,0.00192951764901368,"ins",328,"stop","North America","USA","Idaho","Ada"
"NS7a_ins52LL","NS7a_ins52LL",2020-08-13,"EPI_ISL_12934189","North America/USA/Oregon/Lincoln County",221,"NS7a","ins52LL",1.90367589478581e-05,0.00190367589478581,"ins",52,"LL","North America","USA","Oregon","Lincoln County"
"Spike_ins248SEN","Spike_ins248SEN",2022-04-04,"EPI_ISL_12298603","North America/USA/Illinois",220,"Spike","ins248SEN",1.89506197670986e-05,0.00189506197670986,"ins",248,"SEN","North America","USA","Illinois",NA
"NS3_ins142LQstop","NS3_ins142LQstop",2020-06-03,"EPI_ISL_478378","Europe/United Kingdom/England",219,"NS3","ins142LQstop",1.88644805863391e-05,0.00188644805863391,"ins",142,"LQstop","Europe","United Kingdom","England",NA
"Spike_ins360VLL","Spike_ins360VLL",2020-05-19,"EPI_ISL_478196","Europe/United Kingdom/Scotland",212,"Spike","ins360VLL",1.82615063210223e-05,0.00182615063210223,"ins",360,"VLL","Europe","United Kingdom","Scotland",NA
"N_ins294I","N_ins294I",2020-03-18,"EPI_ISL_455393","Asia/China/Hubei/Wuhan",209,"N","ins294I",1.80030887787437e-05,0.00180030887787437,"ins",294,"I","Asia","China","Hubei","Wuhan"
"NS3_ins138ITLstopCQLFSLLAYstopLLR","NS3_ins138ITLstopCQLFSLLAYstopLLR",2020-06-03,"EPI_ISL_478378","Europe/United Kingdom/England",203,"NS3","ins138ITLstopCQLFSLLAYstopLLR",1.74862536941864e-05,0.00174862536941864,"ins",138,"ITLstopCQLFSLLAYstopLLR","Europe","United Kingdom","England",NA
"NS3_ins148HYFRstop","NS3_ins148HYFRstop",2020-06-03,"EPI_ISL_478378","Europe/United Kingdom/England",203,"NS3","ins148HYFRstop",1.74862536941864e-05,0.00174862536941864,"ins",148,"HYFRstop","Europe","United Kingdom","England",NA
"N_ins320RER","N_ins320RER",2020-03-18,"EPI_ISL_455393","Asia/China/Hubei/Wuhan",200,"N","ins320RER",1.72278361519078e-05,0.00172278361519078,"ins",320,"RER","Asia","China","Hubei","Wuhan"
"Spike_ins215PEEPEY","Spike_ins215PEEPEY",2022-01-04,"EPI_ISL_14782844","North America/USA/Texas",199,"Spike","ins215PEEPEY",1.71416969711483e-05,0.00171416969711483,"ins",215,"PEEPEY","North America","USA","Texas",NA
"Spike_ins101stopstopE","Spike_ins101stopstopE",2020-04-05,"EPI_ISL_13571178","Europe/France/Nouvelle-Aquitaine/Limoges",191,"Spike","ins101stopstopE",1.6452583525072e-05,0.0016452583525072,"ins",101,"stopstopE","Europe","France","Nouvelle-Aquitaine","Limoges"
"Spike_ins214XPE","Spike_ins214XPE",2021-11-30,"EPI_ISL_8616732","Africa/South Africa/KwaZulu-Natal",190,"Spike","ins214XPE",1.63664443443124e-05,0.00163664443443124,"ins",214,"XPE","Africa","South Africa","KwaZulu-Natal",NA
"N_ins284TR","N_ins284TR",2020-03-18,"EPI_ISL_455393","Asia/China/Hubei/Wuhan",189,"N","ins284TR",1.62803051635529e-05,0.00162803051635529,"ins",284,"TR","Asia","China","Hubei","Wuhan"
"E_ins71TF","E_ins71TF",2021-03-03,"EPI_ISL_1588681","Europe/Czech Republic",183,"E","ins71TF",1.57634700789957e-05,0.00157634700789957,"ins",71,"TF","Europe","Czech Republic",NA,NA
"Spike_ins213GEG","Spike_ins213GEG",2022-08-17,"EPI_ISL_15299236","Asia/Vietnam/Hanoi",182,"Spike","ins213GEG",1.56773308982361e-05,0.00156773308982361,"ins",213,"GEG","Asia","Vietnam","Hanoi",NA
"NS7a_ins72stop","NS7a_ins72stop",2020-07-22,"EPI_ISL_2758679","South America/Brazil/Parana/Rolandia",178,"NS7a","ins72stop",1.5332774175198e-05,0.0015332774175198,"ins",72,"stop","South America","Brazil","Parana","Rolandia"
