"","aa_subs","collection_date","accession_id","location","counts","region","mutation_name","fraction","per_abundance","ref","pos","alt","continent","country","state","city"
"NS3_ins104P","NS3_ins104P",2020-01-25,"EPI_ISL_17116757","North America/USA/West Virginia",26716,"NS3","ins104P",0.00230129435317185,0.230129435317185,"ins",104,"P","North America","USA","West Virginia",NA
"NS3_ins104PP","NS3_ins104PP",2020-11-11,"EPI_ISL_1400520","Europe/Russia/Murmansk/Kovdor",2942,"NS3","ins104PP",0.000253421469794564,0.0253421469794564,"ins",104,"PP","Europe","Russia","Murmansk","Kovdor"
"NS3_ins258EL","NS3_ins258EL",2020-03-28,"EPI_ISL_3568360","Oceania/Australia/New South Wales/Sydney",1791,"NS3","ins258EL",0.000154275272740335,0.0154275272740335,"ins",258,"EL","Oceania","Australia","New South Wales","Sydney"
"NS3_ins44AAG","NS3_ins44AAG",2021-07-06,"EPI_ISL_2935241","Europe/United Kingdom/England",1522,"NS3","ins44AAG",0.000131103833116019,0.0131103833116019,"ins",44,"AAG","Europe","United Kingdom","England",NA
"NS7a_ins55YVPDQLH","NS7a_ins55YVPDQLH",2021-03-20,"EPI_ISL_6137194","Europe/United Kingdom/England",8156,"NS7a","ins55YVPDQLH",0.000702551158274801,0.0702551158274801,"ins",55,"YVPDQLH","Europe","United Kingdom","England",NA
"NS7a_ins60stopRRK","NS7a_ins60stopRRK",2021-01-20,"EPI_ISL_1079572","North America/USA/Texas/Houston",2329,"NS7a","ins60stopRRK",0.000200618151988967,0.0200618151988967,"ins",60,"stopRRK","North America","USA","Texas","Houston"
"NSP12_ins823D","NSP12_ins823D",2021-07-25,"EPI_ISL_3456513","North America/USA/Florida",1347,"NSP12","ins823D",0.000116029476483099,0.0116029476483099,"ins",823,"D","North America","USA","Florida",NA
"NSP16_ins149S","NSP16_ins149S",2020-07-02,"EPI_ISL_3543363","North America/USA/Idaho",3773,"NSP16","ins149S",0.000325003129005741,0.0325003129005741,"ins",149,"S","North America","USA","Idaho",NA
"NSP3_ins556CFLN","NSP3_ins556CFLN",2020-03-08,"EPI_ISL_476810","Asia/Singapore",1583,"NSP3","ins556CFLN",0.00013635832314235,0.013635832314235,"ins",556,"CFLN","Asia","Singapore",NA,NA
"NSP5_ins159VT","NSP5_ins159VT",2020-07-07,"EPI_ISL_3543366","North America/USA/Idaho/Elmore",3958,"NSP5","ins159VT",0.000340938877446256,0.0340938877446256,"ins",159,"VT","North America","USA","Idaho","Elmore"
"NSP6_ins79M","NSP6_ins79M",2020-02-05,"EPI_ISL_1069218","Asia/China/Anhui/Lu'an",11175,"NSP6","ins79M",0.00096260534498785,0.096260534498785,"ins",79,"M","Asia","China","Anhui","Lu'an"
"Spike_ins143T","Spike_ins143T",2020-05-07,"EPI_ISL_13597012","North America/USA/Minnesota/Stearns County",10172,"Spike","ins143T",0.000876207746686032,0.0876207746686032,"ins",143,"T","North America","USA","Minnesota","Stearns County"
"Spike_ins150V","Spike_ins150V",2020-03-01,"EPI_ISL_464255","Europe/United Kingdom/England",2025,"Spike","ins150V",0.000174431841038067,0.0174431841038067,"ins",150,"V","Europe","United Kingdom","England",NA
"Spike_ins152K","Spike_ins152K",2020-03-01,"EPI_ISL_464255","Europe/United Kingdom/England",2210,"Spike","ins152K",0.000190367589478581,0.0190367589478581,"ins",152,"K","Europe","United Kingdom","England",NA
"Spike_ins212Astop","Spike_ins212Astop",2021-12-03,"EPI_ISL_7603681","North America/USA/Texas/Houston County",2042,"Spike","ins212Astop",0.000175896207110979,0.0175896207110979,"ins",212,"Astop","North America","USA","Texas","Houston County"
"Spike_ins212RE","Spike_ins212RE",2021-11-24,"EPI_ISL_8616593","Africa/South Africa/Gauteng",3370,"Spike","ins212RE",0.000290289039159647,0.0290289039159647,"ins",212,"RE","Africa","South Africa","Gauteng",NA
"Spike_ins213GRG","Spike_ins213GRG",2022-01-07,"EPI_ISL_8653546","Europe/Denmark/Nordjylland",3664,"Spike","ins213GRG",0.000315613958302951,0.0315613958302951,"ins",213,"GRG","Europe","Denmark","Nordjylland",NA
"Spike_ins214EPDEPE","Spike_ins214EPDEPE",2021-11-21,"EPI_ISL_7462220","Europe/Switzerland/Basel-Landschaft",1185,"Spike","ins214EPDEPE",0.000102074929200054,0.0102074929200054,"ins",214,"EPDEPE","Europe","Switzerland","Basel-Landschaft",NA
"Spike_ins214EPE","Spike_ins214EPE",2020-05-30,"EPI_ISL_13597467","North America/USA/Minnesota/Stearns County",1522543,"Spike","ins214EPE",0.131150606691171,13.1150606691171,"ins",214,"EPE","North America","USA","Minnesota","Stearns County"
"Spike_ins214GAR","Spike_ins214GAR",2021-11-30,"EPI_ISL_8414362","Europe/Czech Republic/Liberec Region",4175,"Spike","ins214GAR",0.000359631079671076,0.0359631079671076,"ins",214,"GAR","Europe","Czech Republic","Liberec Region",NA
"Spike_ins214XXX","Spike_ins214XXX",2021-01-27,"EPI_ISL_12565446","North America/USA/Arizona/Coconino County",62968,"Spike","ins214XXX",0.00542401193406666,0.542401193406666,"ins",214,"XXX","North America","USA","Arizona","Coconino County"
"Spike_ins215AGY","Spike_ins215AGY",2020-04-12,"EPI_ISL_1502836","North America/Panama/Colon",1979,"Spike","ins215AGY",0.000170469438723128,0.0170469438723128,"ins",215,"AGY","North America","Panama","Colon",NA
"Spike_ins215PEX","Spike_ins215PEX",2021-01-03,"EPI_ISL_9274902","South America/Brazil/Minas Gerais/Belo Horizonte",1277,"Spike","ins215PEX",0.000109999733829931,0.0109999733829931,"ins",215,"PEX","South America","Brazil","Minas Gerais","Belo Horizonte"
"Spike_ins216XS","Spike_ins216XS",2021-11-25,"EPI_ISL_7614040","North America/USA/New York/New York City",3299,"Spike","ins216XS",0.00028417315732572,0.028417315732572,"ins",216,"XS","North America","USA","New York","New York City"
"Spike_ins80XXXXXXXXXXXXXX","Spike_ins80XXXXXXXXXXXXXX",2021-01-01,"EPI_ISL_10454867","Europe/United Kingdom/England",1443,"Spike","ins80XXXXXXXXXXXXXX",0.000124298837836015,0.0124298837836015,"ins",80,"XXXXXXXXXXXXXX","Europe","United Kingdom","England",NA
